23.242,6.427,0
23.242,6.421,0
23.242,6.423,0.001138926
23.317,6.436,0.004253626
23.267,6.423,0.007525444
23.267,6.438,0.008748293
23.217,6.481,0.01108098
23.217,6.477,0.013539314
23.217,6.475,0.017333269
23.192,6.477,0.018331289
23.217,6.465,0.020919323
23.192,6.465,0.024155617
23.242,6.481,0.02716136
23.267,6.465,0.029952765
23.267,6.456,0.03178978
23.293,6.45,0.033901215
23.293,6.452,0.035218716
23.292,6.46,0.038305044
23.292,6.469,0.04115963
23.418,6.419,0.043855429
23.368,6.454,0.047092676
23.368,6.473,0.048289061
23.392,6.477,0.050642729
23.417,6.463,0.054511309
23.417,6.454,0.055510521
23.417,6.427,0.05847621
23.367,6.438,0.061477661
23.366,6.45,0.064478874
23.367,6.433,0.067541361
23.342,6.438,0.068540573
23.317,6.446,0.071541309
23.42,6.416,0.073541641
23.42,6.418,0.075539827
23.367,6.446,0.077970505
23.317,6.423,0.081451654
23.367,6.4,0.082463264
23.368,6.427,0.085730791
23.318,6.438,0.088258743
23.317,6.419,0.091286421
23.342,6.44,0.092567921
23.367,6.438,0.09505558
23.443,6.414,0.096507549
23.317,6.419,0.099518061
23.317,6.417,0.100827456
23.367,6.431,0.103600979
23.444,6.413,0.106162071
23.394,6.407,0.10717082
23.393,6.386,0.110168934
23.393,6.385,0.111171484
23.317,6.369,0.114370346
23.317,6.442,0.115568876
23.341,6.471,0.117855072
23.341,6.444,0.120752096
23.317,6.425,0.122757673
23.366,6.367,0.125759125
23.415,6.42,0.130762815
23.367,6.442,0.1331985
23.366,6.45,0.134203672
23.44,6.446,0.135199785
23.39,6.442,0.136658669
23.415,6.442,0.136658669
23.415,6.44,0.138732672
23.316,6.417,0.141865492
23.342,6.423,0.144643784
23.317,6.444,0.149487734
23.317,6.436,0.160298109
23.341,6.371,0.161469221
23.341,6.396,0.163652182
23.341,6.444,0.166039705
23.34,6.444,0.171116829
23.341,6.429,0.172121286
23.366,6.398,0.175570726
23.44,6.407,0.178251743
23.44,6.409,0.179758549
23.366,6.469,0.181764603
23.366,6.471,0.182763815
23.341,6.471,0.183876753
23.341,6.404,0.185260296
23.411,6.388,0.188276768
23.341,6.373,0.190774918
23.341,6.404,0.191786528
23.412,6.416,0.195116282
23.412,6.42,0.196125269
23.341,6.433,0.199274778
23.434,6.43,0.200280428
23.315,6.413,0.203322887
23.315,6.413,0.2062006
23.315,6.402,0.207660675
23.29,6.444,0.21041441
23.29,6.425,0.211724758
23.367,6.465,0.213894844
23.367,6.496,0.217633963
23.316,6.498,0.218796253
23.316,6.481,0.221625805
23.315,6.485,0.224171638
23.316,6.463,0.225276947
23.392,6.402,0.228271484
23.392,6.4,0.229282856
23.265,6.411,0.232050896
23.265,6.452,0.235183716
23.315,6.471,0.236884832
23.366,6.433,0.239122152
23.366,6.394,0.240123749
23.366,6.419,0.243693829
23.366,6.463,0.248160124
23.391,6.463,0.249212265
23.392,6.444,0.252381086
23.392,6.446,0.25438118
23.392,6.448,0.25438118
23.417,6.421,0.256878376
23.417,6.454,0.260319948
23.417,6.473,0.261319399
23.417,6.479,0.262319565
23.417,6.479,0.263320923
23.366,6.456,0.266578674
23.315,6.49,0.269578695
23.39,6.529,0.271578789
23.365,6.506,0.275217533
23.314,6.533,0.278219938
23.314,6.475,0.280739546
23.314,6.483,0.282897949
23.414,6.498,0.285406113
23.365,6.496,0.28879118
23.417,6.508,0.291553259
23.417,6.502,0.294557095
23.416,6.523,0.297558784
23.416,6.539,0.298558474
23.416,6.525,0.301558018
23.442,6.487,0.306748867
23.442,6.51,0.309585333
23.442,6.514,0.310597181
23.518,6.483,0.313693523
23.517,6.471,0.318025827
23.467,6.492,0.319244385
23.466,6.398,0.32232666
23.491,6.494,0.32588625
23.517,6.494,0.328261137
23.517,6.481,0.329441309
23.517,6.469,0.332794905
23.517,6.494,0.335052013
23.542,6.471,0.338663816
23.517,6.504,0.341082096
23.517,6.51,0.343710899
23.517,6.521,0.345921755
23.517,6.502,0.348314047
23.542,6.483,0.351500988
23.517,6.512,0.354502916
23.517,6.506,0.355503559
23.517,6.481,0.357968569
23.517,6.496,0.361523151
23.517,6.492,0.364530563
23.517,6.479,0.365781069
23.542,6.477,0.365781069
23.568,6.479,0.367358208
23.568,6.475,0.368376255
23.568,6.5,0.371236563
23.568,6.502,0.372244835
23.568,6.498,0.375244617
23.667,6.492,0.37883687
23.568,6.521,0.381035805
23.567,6.529,0.38486886
23.593,6.539,0.38722229
23.593,6.473,0.390228033
23.593,6.469,0.391261339
23.668,6.481,0.396531582
23.669,6.492,0.399107218
23.618,6.498,0.402427912
23.669,6.487,0.405604601
23.593,6.471,0.408216715
23.618,6.5,0.409672976
23.668,6.519,0.411930084
23.668,6.508,0.415300369
23.668,6.504,0.416761637
23.618,6.473,0.419756174
23.643,6.477,0.422100067
23.593,6.458,0.423485279
23.643,6.425,0.426413298
23.643,6.427,0.426413298
23.719,6.449,0.430244684
23.592,6.448,0.431254625
23.642,6.471,0.434258461
23.642,6.477,0.437158346
23.642,6.46,0.438611031
23.617,6.452,0.441492558
23.617,6.438,0.442837238
23.617,6.45,0.445107222
23.617,6.452,0.446111441
23.642,6.463,0.449890137
23.642,6.463,0.452013969
23.642,6.446,0.454017639
23.642,6.438,0.45640254
23.642,6.473,0.459725142
23.642,6.49,0.460679531
23.617,6.498,0.46575141
23.618,6.5,0.467020988
23.618,6.5,0.467020988
23.618,6.5,0.468035221
23.643,6.456,0.471102953
23.617,6.471,0.474114895
23.739,6.442,0.477235794
23.59,6.222,0.480744362
23.592,6.456,0.482387543
23.592,6.456,0.482725382
23.592,6.458,0.483735561
23.643,6.494,0.486759424
23.618,6.487,0.489089251
23.617,6.494,0.492183685
23.643,6.483,0.49318862
23.643,6.475,0.496196747
23.592,6.5,0.49946022
23.618,6.517,0.502668142
23.618,6.492,0.505667925
23.567,6.473,0.508969307
23.567,6.467,0.511302233
23.618,6.448,0.513301611
23.618,6.448,0.515952826
23.643,6.46,0.518940687
23.643,6.423,0.521346569
23.643,6.456,0.524540663
23.643,6.458,0.525540352
23.592,6.46,0.528539658
23.592,6.46,0.529544353
23.593,6.429,0.531975746
23.618,6.431,0.533405066
23.743,6.403,0.53641367
23.743,6.406,0.538587809
23.716,6.403,0.54032445
23.716,6.402,0.54191184
23.617,6.404,0.542024374
23.617,6.402,0.543110609
23.618,6.423,0.544153214
23.668,6.411,0.547311544
23.668,6.392,0.548323154
23.693,6.421,0.551501989
23.668,6.438,0.554499149
23.668,6.438,0.555505276
23.617,6.458,0.558832645
23.694,6.496,0.561324358
23.718,6.496,0.562345982
23.693,6.448,0.56564188
23.667,6.45,0.566883802
23.667,6.473,0.569150686
23.667,6.479,0.57090044
23.667,6.463,0.573363304
23.642,6.454,0.575062275
23.641,6.463,0.577302456
23.641,6.433,0.581079245
23.667,6.444,0.58318305
23.667,6.436,0.586196423
23.667,6.355,0.589196682
23.642,6.433,0.592904091
23.667,6.442,0.595109224
23.617,6.45,0.600405216
23.617,6.49,0.603475571
23.641,6.502,0.608815432
23.617,6.5,0.610815048
23.617,6.514,0.613006115
23.641,6.564,0.615445852
23.641,6.577,0.618726492
23.64,6.531,0.621734381
23.641,6.496,0.624438047
23.641,6.517,0.627397299
23.641,6.533,0.628842115
23.641,6.5,0.631579876
23.641,6.485,0.634627104
23.642,6.483,0.637756824
23.642,6.456,0.640860558
23.667,6.423,0.643380404
23.692,6.425,0.644799709
23.692,6.427,0.646125793
23.692,6.446,0.646125793
23.667,6.456,0.649958134
23.667,6.463,0.652557373
23.692,6.44,0.655562878
23.692,6.456,0.659074545
23.642,6.438,0.663220167
23.642,6.446,0.666398048
23.692,6.45,0.667397976
23.717,6.44,0.670398951
23.692,6.415,0.673525333
23.742,6.38,0.676543951
23.692,6.384,0.67796874
23.767,6.438,0.679983139
23.767,6.427,0.683318615
23.767,6.423,0.684951782
23.885,6.434,0.686958075
23.793,6.436,0.688958168
23.768,6.444,0.692073822
23.767,6.423,0.694996834
23.767,6.421,0.697114229
23.792,6.463,0.700335026
23.791,6.463,0.701336145
23.817,6.421,0.704335451
23.791,6.398,0.707333326
23.915,6.415,0.71045661
23.915,6.458,0.713574409
23.965,6.445,0.716770172
23.866,6.479,0.719776869
23.842,6.481,0.720774889
23.816,6.481,0.722777128
23.893,6.477,0.724776745
23.841,6.46,0.72726202
23.867,6.485,0.732283115
23.867,6.467,0.735374689
23.867,6.473,0.736938477
23.867,6.487,0.739163399
23.867,6.498,0.742160559
23.867,6.49,0.743171453
23.842,6.483,0.746348381
23.919,6.465,0.749370813
23.918,6.463,0.750383854
23.917,6.481,0.753847361
23.917,6.471,0.756679773
23.917,6.46,0.757923365
23.867,6.469,0.760215282
23.892,6.469,0.762214661
23.892,6.496,0.764856577
23.892,6.496,0.765862226
23.942,6.483,0.768722534
23.942,6.492,0.771691799
23.942,6.494,0.772891998
23.941,6.508,0.775404692
23.941,6.508,0.776412249
23.917,6.521,0.778408051
23.916,6.465,0.781130791
23.941,6.444,0.782982349
23.942,6.456,0.785987854
23.941,6.477,0.787147284
23.942,6.508,0.790685415
23.942,6.465,0.793619156
23.942,6.473,0.796149015
23.942,6.498,0.799514294
24.019,6.492,0.802622318
24.018,6.494,0.804630041
23.969,6.492,0.804630041
23.943,6.487,0.80825901
23.943,6.523,0.811058521
23.919,6.506,0.815316439
23.919,6.504,0.816316128
23.919,6.481,0.826338768
23.918,6.481,0.827367544
23.944,6.465,0.830897331
23.918,6.458,0.834481239
23.918,6.483,0.837501049
23.918,6.485,0.840520144
23.918,6.49,0.841912031
23.992,6.486,0.844542027
23.893,6.523,0.846984625
23.918,6.523,0.847983599
24.02,6.492,0.85198164
23.918,6.471,0.85464263
23.917,6.519,0.857668638
23.917,6.517,0.859094858
23.917,6.55,0.861286879
23.917,6.527,0.864350557
23.917,6.521,0.865370274
23.942,6.508,0.86853981
24.032,6.478,0.869046211
23.982,6.5,0.872316122
23.891,6.481,0.875765085
23.891,6.485,0.876778126
23.892,6.483,0.879405975
23.892,6.483,0.879914522
23.942,6.494,0.8837111
23.942,6.498,0.8837111
23.967,6.483,0.887230158
23.968,6.502,0.890310526
23.967,6.517,0.891313314
23.967,6.502,0.894822359
23.967,6.504,0.897093296
23.967,6.504,0.898178339
23.993,6.51,0.901830912
23.993,6.5,0.901830912
24.081,6.45,0.905376673
24.081,6.452,0.908792973
23.992,6.359,0.908792973
23.992,6.409,0.911332607
23.967,6.407,0.911332607
23.967,6.404,0.912734747
23.967,6.44,0.915810823
23.967,6.442,0.915810823
23.992,6.444,0.917812109
23.992,6.454,0.919148922
23.992,6.475,0.921471119
24.043,6.492,0.926847935
24.043,6.494,0.927846909
24.043,6.5,0.928845644
24.043,6.485,0.929843903
24.164,6.466,0.932276487
24.092,6.29,0.936459303
24.043,6.446,0.936459303
24.043,6.452,0.93745923
24.111,6.446,0.938459158
24.112,6.422,0.941458941
24.113,6.475,0.944463491
24.069,6.485,0.945462465
24.069,6.519,0.948804617
24.097,6.493,0.951819658
24.116,6.489,0.954335451
24.018,6.487,0.957333088
24.018,6.487,0.958333015
24.018,6.498,0.961731911
24.044,6.44,0.965118885
24.068,6.456,0.969312906
24.093,6.463,0.972430944
24.093,6.477,0.975537777
24.093,6.473,0.976543188
24.068,6.521,0.982060432
24.067,6.494,0.984014034
24.068,6.479,0.987452269
24.068,6.481,0.988632202
24.068,6.496,0.991450548
24.043,6.504,0.994450569
24.042,6.525,0.997922897
24.017,6.535,0.997922897
24.017,6.498,1.001270294
24.042,6.487,1.004303694
24.017,6.481,1.007657766
24.017,6.485,1.010657787
24.042,6.471,1.013689756
24.042,6.469,1.015045881
24.042,6.45,1.017342806
24.042,6.477,1.018344164
24.042,6.527,1.021498203
23.992,6.527,1.022506714
24.042,6.498,1.025505543
24.042,6.483,1.028506279
24.09,6.487,1.032118082
24.017,6.481,1.034084797
24.017,6.481,1.037514448
24.042,6.465,1.038950443
24.042,6.473,1.041573286
24.017,6.456,1.044574022
24.017,6.463,1.047572374
23.967,6.498,1.050575972
23.967,6.512,1.052073002
23.968,6.521,1.054927826
24.018,6.521,1.055947781
24.018,6.527,1.058289051
24.092,6.528,1.06128788
24.018,6.508,1.066208601
23.993,6.527,1.069899559
23.993,6.533,1.069899559
23.968,6.527,1.073834658
23.968,6.541,1.076836109
23.968,6.514,1.079912663
23.967,6.494,1.082048178
23.967,6.496,1.083193541
23.967,6.521,1.085203648
23.967,6.535,1.085203648
23.967,6.535,1.086203337
23.967,6.529,1.089231253
23.967,6.537,1.090241432
23.941,6.521,1.093271255
23.94,6.56,1.094270706
23.965,6.57,1.097271442
23.964,6.56,1.098270655
23.964,6.537,1.101349115
23.965,6.566,1.104361296
23.965,6.556,1.105362177
23.991,6.541,1.108394146
23.966,6.543,1.111425638
23.966,6.552,1.112425327
24.018,6.537,1.116075516
24.095,6.478,1.122308493
24.094,6.454,1.125309944
24.094,6.45,1.126534939
24.018,6.473,1.129552364
24.095,6.493,1.134554386
24.094,6.506,1.135552645
24.094,6.502,1.136748552
24.018,6.49,1.136748552
24.043,6.506,1.141052008
24.043,6.504,1.144060135
24.119,6.478,1.147062302
24.018,6.506,1.151078939
24.018,6.487,1.160737753
24.018,6.494,1.161734819
24.018,6.498,1.161734819
23.992,6.514,1.162986994
24.018,6.502,1.162986994
24.091,6.472,1.162986994
24.091,6.472,1.165170193
24.092,6.493,1.166179419
24.018,6.535,1.166179419
23.968,6.535,1.168197632
23.993,6.552,1.172562838
23.993,6.556,1.173561573
23.993,6.558,1.176885366
23.967,6.543,1.179882765
23.942,6.527,1.183137894
23.941,6.537,1.18530798
23.992,6.552,1.189026833
24.088,6.525,1.191413164
23.992,6.512,1.192426682
23.992,6.517,1.195449591
23.992,6.51,1.196947098
24.16,6.512,1.19997716
24.043,6.541,1.202547073
24.018,6.537,1.203480244
24.018,6.521,1.206762314
24.109,6.51,1.209777832
24.133,6.49,1.210781574
24.131,6.458,1.213778496
24.043,6.371,1.214781046
24.018,6.467,1.217922211
24.069,6.523,1.220346689
24.184,6.502,1.22135663
24.093,6.398,1.224357605
24.119,6.521,1.227357149
24.119,6.514,1.228359938
24.118,6.525,1.231580257
24.118,6.531,1.232788801
24.243,6.514,1.235798359
24.143,6.521,1.238964081
24.143,6.533,1.2399652
24.168,6.539,1.242964983
24.143,6.548,1.243967772
24.143,6.55,1.244965792
24.143,6.552,1.245965004
24.169,6.537,1.245965004
24.168,6.533,1.249458075
24.143,6.533,1.25267005
24.193,6.514,1.255865812
24.193,6.548,1.258868217
24.193,6.537,1.261866093
24.193,6.517,1.266873121
24.193,6.531,1.269233942
24.243,6.585,1.272240877
24.243,6.606,1.274241686
24.218,6.622,1.276240826
24.217,6.575,1.2797544
24.217,6.568,1.282764912
24.217,6.527,1.285512686
24.217,6.531,1.286521435
24.217,6.496,1.291522026
24.267,6.55,1.292521477
24.242,6.57,1.295522928
24.292,6.585,1.298824072
24.319,6.591,1.301836252
24.37,6.563,1.304136992
24.293,6.523,1.306137085
24.294,6.575,1.31107235
24.293,6.577,1.314081192
24.369,6.517,1.316426992
24.269,6.579,1.319783688
24.344,6.597,1.322799206
24.319,6.568,1.325315952
24.319,6.57,1.327316999
24.367,6.536,1.33172822
24.293,6.564,1.334806204
24.293,6.581,1.335804224
24.293,6.548,1.340736628
24.243,6.564,1.341738462
24.293,6.591,1.344742775
24.293,6.585,1.347555161
24.293,6.573,1.350566864
24.318,6.587,1.353566885
24.267,6.577,1.354567051
24.267,6.556,1.357567072
24.267,6.566,1.358566523
24.267,6.577,1.36056757
24.267,6.589,1.36056757
24.267,6.585,1.363664389
24.267,6.6,1.366842031
24.267,6.581,1.366842031
24.317,6.562,1.371059895
24.267,6.575,1.374056101
24.292,6.57,1.377052546
24.292,6.564,1.379859209
24.266,6.554,1.383018255
24.292,6.564,1.386019707
24.292,6.56,1.387017727
24.291,6.552,1.390018225
24.393,6.554,1.393100023
24.393,6.55,1.395727634
24.343,6.537,1.398593664
24.343,6.525,1.40162921
24.368,6.514,1.403139353
24.393,6.519,1.405144215
24.393,6.51,1.408144474
24.393,6.508,1.409463644
24.368,6.519,1.41247201
24.418,6.543,1.416037321
24.443,6.531,1.419036865
24.418,6.527,1.422036648
24.417,6.529,1.423041821
24.442,6.556,1.426174879
24.442,6.556,1.428174973
24.442,6.527,1.430177927
24.442,6.508,1.432087898
24.442,6.5,1.43555522
24.393,6.548,1.436556816
24.418,6.519,1.439934731
24.417,6.523,1.442443371
24.417,6.525,1.443445444
24.417,6.533,1.446910858
24.417,6.531,1.448010683
24.417,6.527,1.4485147
24.417,6.529,1.449523211
24.417,6.531,1.449523211
24.416,6.531,1.45125556
24.442,6.558,1.455000162
24.417,6.558,1.455000162
24.416,6.579,1.459079266
24.416,6.543,1.461786985
24.467,6.529,1.464284182
24.441,6.517,1.468148947
24.442,6.529,1.471154213
24.442,6.537,1.474402905
24.442,6.541,1.47540307
24.441,6.539,1.47540307
24.442,6.539,1.476858139
24.467,6.535,1.480383396
24.466,6.539,1.494578362
24.516,6.539,1.495584726
24.516,6.539,1.496920824
24.492,6.546,1.498154402
24.492,6.55,1.499737978
24.492,6.552,1.499737978
24.492,6.556,1.501012564
24.492,6.527,1.503579855
24.491,6.541,1.506975889
24.492,6.556,1.509988785
24.516,6.552,1.509988785
24.516,6.539,1.513446093
24.491,6.533,1.516447067
24.491,6.533,1.519487858
24.541,6.541,1.520485878
24.491,6.546,1.523483753
24.466,6.546,1.526483774
24.466,6.548,1.52748394
24.541,6.554,1.530810356
24.491,6.556,1.531821966
24.491,6.556,1.534880638
24.491,6.558,1.536395073
24.542,6.548,1.539366007
24.567,6.537,1.54174614
24.566,6.533,1.544630289
24.566,6.531,1.54614377
24.591,6.529,1.548994064
24.591,6.543,1.550135851
24.592,6.568,1.552634478
24.617,6.575,1.554157495
24.592,6.556,1.556698561
24.617,6.548,1.558200359
24.617,6.57,1.561000586
24.617,6.564,1.561000586
24.642,6.562,1.564882517
24.642,6.558,1.567720652
24.642,6.546,1.570750713
24.667,6.546,1.572098494
24.667,6.537,1.57439661
24.717,6.537,1.575398207
24.717,6.546,1.578861237
24.716,6.573,1.581912279
24.717,6.591,1.585044146
24.717,6.612,1.58804369
24.742,6.587,1.591048002
24.767,6.581,1.592045546
24.742,6.568,1.592045546
24.742,6.558,1.594157696
24.742,6.587,1.597178459
24.767,6.577,1.597178459
24.767,6.564,1.598476171
24.767,6.552,1.600492477
24.767,6.548,1.600492477
24.767,6.562,1.602246046
24.742,6.57,1.603255749
24.741,6.564,1.603255749
24.741,6.558,1.604670286
24.742,6.585,1.607884407
24.766,6.579,1.610925913
24.792,6.581,1.613532543
24.842,6.597,1.616065741
24.866,6.61,1.619812727
24.866,6.608,1.620886803
24.866,6.624,1.624345779
24.817,6.633,1.626723528
24.816,6.631,1.629616976
24.841,6.641,1.633104563
24.842,6.618,1.636131525
24.842,6.602,1.637141228
24.817,6.554,1.642138481
24.817,6.56,1.645138025
24.817,6.573,1.648149967
24.817,6.575,1.651279688
24.817,6.577,1.653583527
24.817,6.564,1.656583071
24.817,6.562,1.657583714
24.817,6.562,1.661412954
24.817,6.554,1.663526297
24.817,6.55,1.666795492
24.867,6.585,1.669968367
24.867,6.595,1.672827721
24.867,6.593,1.673890591
24.842,6.558,1.67690444
24.842,6.56,1.680398226
24.893,6.587,1.682527781
24.868,6.604,1.685649395
24.893,6.608,1.686154366
24.893,6.595,1.690226555
24.893,6.595,1.69274044
24.918,6.606,1.695728302
24.918,6.612,1.696244478
24.893,6.622,1.699678898
24.868,6.593,1.70268774
24.867,6.641,1.705688715
24.868,6.641,1.706689119
24.893,6.583,1.712264776
24.893,6.589,1.714530706
24.893,6.591,1.715923071
24.893,6.552,1.718838692
24.893,6.566,1.722041607
24.893,6.61,1.723043919
24.893,6.622,1.72577548
24.893,6.608,1.728968859
24.868,6.616,1.732143641
24.868,6.602,1.734784365
24.867,6.6,1.73779583
24.868,6.6,1.738797903
24.867,6.6,1.74179697
24.842,6.633,1.746795416
24.867,6.639,1.749806404
24.867,6.656,1.750807285
24.867,6.614,1.753816605
24.867,6.612,1.756709099
24.867,6.612,1.757873297
24.817,6.624,1.760796547
24.817,6.624,1.762310743
24.817,6.641,1.765068769
24.817,6.616,1.76773119
24.817,6.61,1.768236399
24.868,6.61,1.772193432
24.868,6.616,1.772768259
24.868,6.595,1.775842905
24.841,6.56,1.77842021
24.816,6.57,1.779925823
24.868,6.579,1.783004999
24.893,6.568,1.784229279
24.893,6.562,1.786853552
24.919,6.577,1.790129185
24.919,6.589,1.790784359
24.894,6.593,1.791799307
24.894,6.593,1.792896271
24.894,6.589,1.79440546
24.919,6.589,1.796410084
24.919,6.575,1.799752712
24.944,6.583,1.804860592
24.943,6.556,1.808321476
24.943,6.537,1.810998678
24.993,6.554,1.812137127
24.993,6.597,1.816892624
24.993,6.602,1.818298101
24.968,6.591,1.818298101
24.993,6.604,1.827363968
24.993,6.606,1.828369379
24.993,6.597,1.828369379
24.993,6.579,1.828369379
24.993,6.604,1.829475403
24.968,6.604,1.830652237
24.993,6.575,1.835899591
25.018,6.56,1.837193727
25.018,6.562,1.838202
25.018,6.562,1.838202
24.992,6.543,1.84139514
24.992,6.543,1.842390776
25.093,6.589,1.845602989
25.093,6.595,1.846614361
25.043,6.614,1.849850655
25.092,6.595,1.852850437
25.092,6.597,1.854025841
25.117,6.587,1.854025841
25.117,6.583,1.856038332
25.067,6.589,1.857038498
25.066,6.585,1.860034704
25.09,6.543,1.862648249
25.09,6.541,1.863660812
25.115,6.568,1.867043972
25.115,6.568,1.867043972
25.115,6.521,1.870353699
25.115,6.521,1.871525764
25.115,6.562,1.874660969
25.115,6.554,1.877661943
25.115,6.546,1.87866497
25.09,6.554,1.881193399
25.09,6.552,1.882686377
25.09,6.566,1.883700609
25.09,6.57,1.884698153
25.116,6.573,1.885698795
25.116,6.57,1.888934851
25.166,6.552,1.892065525
25.166,6.531,1.89306283
25.191,6.527,1.896269321
25.217,6.539,1.899268627
25.217,6.541,1.899268627
25.217,6.573,1.90268302
25.192,6.573,1.903700352
25.217,6.589,1.906996727
25.217,6.562,1.909016609
25.217,6.552,1.910493374
25.193,6.56,1.914508581
25.192,6.593,1.91650939
25.217,6.597,1.917505264
25.217,6.595,1.920571327
25.279,6.578,1.924008608
25.167,6.608,1.927214861
25.242,6.533,1.932732105
25.242,6.531,1.933318377
25.242,6.529,1.933825016
25.242,6.541,1.935130358
25.242,6.519,1.93828249
25.242,6.519,1.939856768
25.242,6.535,1.939856768
25.217,6.566,1.941434383
25.217,6.568,1.942490101
25.217,6.568,1.943021297
25.242,6.566,1.944097757
25.242,6.587,1.947401047
25.216,6.541,1.950542212
25.217,6.593,1.95531559
25.217,6.585,1.957955599
25.192,6.595,1.959526777
25.167,6.633,1.962673903
25.167,6.66,1.964920282
25.167,6.66,1.967457294
25.167,6.647,1.971127272
25.167,6.639,1.974136591
25.167,6.618,1.976452112
25.167,6.618,1.977457047
25.142,6.643,1.983336687
25.192,6.629,1.986252785
25.192,6.591,1.988910437
25.192,6.591,1.990475655
25.192,6.581,1.993170261
25.217,6.566,1.996424198
25.217,6.56,1.999604702
25.192,6.6,2.002288818
25.192,6.577,2.005491972
25.267,6.593,2.008163691
25.217,6.593,2.011414766
25.217,6.608,2.01401782
25.192,6.61,2.015016794
25.242,6.614,2.01813364
25.217,6.627,2.021131754
25.267,6.631,2.024264097
25.267,6.631,2.025397778
25.217,6.627,2.027993441
25.243,6.608,2.031125784
25.293,6.614,2.032170057
25.293,6.622,2.035350561
25.293,6.587,2.03796339
25.293,6.595,2.039002657
25.215,6.591,2.042229652
25.215,6.585,2.045404673
25.319,6.591,2.048047066
25.215,6.602,2.051302671
25.268,6.61,2.054154873
25.268,6.616,2.054798841
25.268,6.581,2.058286428
25.318,6.587,2.059340239
25.318,6.568,2.060646534
25.318,6.562,2.060646534
25.318,6.56,2.061826229
25.428,6.576,2.067187548
25.343,6.61,2.070203543
25.318,6.612,2.071206331
25.318,6.604,2.074296474
25.318,6.608,2.075296879
25.318,6.643,2.077981949
25.318,6.643,2.080406189
25.368,6.616,2.083627939
25.368,6.597,2.084626198
25.318,6.581,2.087753534
25.393,6.564,2.090806484
25.393,6.566,2.092174292
25.318,6.608,2.095181227
25.318,6.608,2.096307755
25.318,6.627,2.09931922
25.418,6.577,2.101322412
25.343,6.566,2.102418661
25.344,6.602,2.106011868
25.367,6.622,2.109173536
25.367,6.614,2.110329151
25.367,6.597,2.112956047
25.367,6.618,2.113968611
25.393,6.61,2.11704874
25.342,6.61,2.119057417
25.342,6.616,2.12125802
25.367,6.614,2.123833179
25.367,6.604,2.125271797
25.425,6.547,2.128281593
25.341,6.57,2.129329443
25.365,6.616,2.134624004
25.34,6.604,2.136651993
25.341,6.61,2.140090704
25.366,6.591,2.145215273
25.365,6.589,2.146553516
25.316,6.579,2.149013281
25.443,6.62,2.162591457
25.468,6.61,2.163968086
25.469,6.622,2.164979458
25.419,6.618,2.164979458
25.418,6.616,2.1671772
25.393,6.595,2.170177698
25.392,6.606,2.175277233
25.392,6.61,2.176397562
25.441,6.591,2.178818703
25.466,6.585,2.182046652
25.466,6.583,2.183216333
25.441,6.589,2.186229944
25.441,6.581,2.189229727
25.442,6.581,2.190224648
25.341,6.568,2.193223715
25.392,6.57,2.194350958
25.367,6.585,2.196925163
25.392,6.577,2.200119019
25.392,6.562,2.200119019
25.417,6.562,2.203690767
25.417,6.546,2.204700232
25.467,6.556,2.207701445
25.467,6.558,2.208699942
25.492,6.579,2.211855173
25.492,6.577,2.214903831
25.544,6.568,2.21604085
25.517,6.568,2.21923399
25.517,6.597,2.221878052
25.517,6.597,2.223323822
25.492,6.604,2.225507498
25.491,6.593,2.226508141
25.492,6.579,2.230224848
25.492,6.581,2.230224848
25.517,6.633,2.233618498
25.542,6.633,2.234811306
25.592,6.631,2.237820387
25.567,6.633,2.239242792
25.542,6.633,2.24161005
25.542,6.62,2.242961884
25.517,6.602,2.244059563
25.542,6.597,2.245063305
25.542,6.595,2.24809432
25.541,6.614,2.250921249
25.541,6.614,2.252422571
25.592,6.608,2.255169868
25.592,6.595,2.26018858
25.592,6.593,2.261185169
25.592,6.595,2.261185169
25.592,6.595,2.263191223
25.592,6.602,2.267871141
25.592,6.612,2.271864176
25.618,6.62,2.274088383
25.642,6.62,2.278897524
25.642,6.627,2.280216932
25.643,6.641,2.283126593
25.643,6.635,2.286281347
25.643,6.631,2.288552999
25.643,6.595,2.289547682
25.642,6.629,2.29271841
25.692,6.643,2.296099186
25.667,6.656,2.299139977
25.692,6.662,2.302318096
25.742,6.653,2.304857969
25.742,6.656,2.306015968
25.742,6.666,2.311028481
25.742,6.666,2.312026262
25.742,6.666,2.31684494
25.717,6.653,2.320040703
25.818,6.672,2.323434114
25.818,6.68,2.326144218
25.843,6.689,2.329144239
25.818,6.695,2.330146074
25.817,6.707,2.333142042
25.843,6.695,2.336142063
25.842,6.687,2.33723855
25.817,6.691,2.339743614
25.842,6.728,2.342741966
25.842,6.724,2.346078396
25.867,6.722,2.347079277
25.867,6.701,2.350269079
25.867,6.716,2.351494789
25.892,6.724,2.354119778
25.917,6.736,2.357290983
25.917,6.724,2.358627081
25.916,6.73,2.361129999
25.992,6.703,2.364440441
26.018,6.716,2.367240429
25.992,6.757,2.369421244
25.992,6.759,2.370420456
26.043,6.759,2.374072313
26.043,6.755,2.377477407
25.992,6.745,2.379850388
25.942,6.722,2.382871151
25.942,6.718,2.383963346
26.042,6.672,2.386960506
26.042,6.695,2.387961626
26.042,6.72,2.391504288
26.042,6.728,2.394121885
26.067,6.72,2.396834373
26.067,6.72,2.400203466
26.117,6.649,2.402925014
26.117,6.653,2.404381275
26.117,6.68,2.407109261
26.117,6.687,2.410379171
26.167,6.674,2.411028862
26.167,6.631,2.414381266
26.117,6.653,2.417390108
26.092,6.697,2.42038703
26.116,6.666,2.423389196
26.116,6.693,2.426387548
26.116,6.695,2.427389145
26.167,6.674,2.430096388
26.167,6.672,2.43125701
26.192,6.691,2.434226751
26.192,6.668,2.434226751
26.304,6.661,2.437711477
26.217,6.591,2.438714027
26.192,6.668,2.442016125
26.192,6.643,2.443012714
26.218,6.631,2.44624877
26.218,6.641,2.449396133
26.218,6.643,2.449396133
26.193,6.641,2.45284462
26.29,6.651,2.455845118
26.192,6.668,2.456846952
26.243,6.687,2.45985651
26.218,6.685,2.461856842
26.218,6.678,2.461856842
26.218,6.67,2.463858843
26.292,6.624,2.465017319
26.218,6.62,2.465017319
26.19,6.647,2.468542099
26.14,6.61,2.471187353
26.141,6.662,2.475704908
26.141,6.658,2.477087736
26.142,6.664,2.480172873
26.141,6.637,2.48304534
26.141,6.685,2.493461847
26.191,6.662,2.49558568
26.191,6.645,2.501415253
26.191,6.62,2.503703833
26.191,6.61,2.506805897
26.191,6.616,2.507807016
26.191,6.641,2.51104784
26.191,6.668,2.514065266
26.191,6.651,2.515326738
26.167,6.656,2.518412352
26.166,6.685,2.521414757
26.167,6.672,2.523854494
26.142,6.674,2.527298927
26.142,6.674,2.528319836
26.167,6.662,2.531318903
26.142,6.666,2.532320976
26.142,6.685,2.534933567
26.167,6.683,2.535928965
26.167,6.678,2.539185286
26.167,6.701,2.542185068
26.167,6.693,2.542185068
26.192,6.705,2.545933962
26.191,6.712,2.547085285
26.191,6.701,2.550227404
26.167,6.697,2.551226616
26.167,6.685,2.554382086
26.142,6.695,2.555465937
26.141,6.685,2.557984352
26.141,6.68,2.559406042
26.142,6.703,2.562097549
26.142,6.701,2.565204859
26.117,6.691,2.566205502
26.091,6.691,2.569295168
26.091,6.701,2.570295811
26.142,6.753,2.57315135
26.141,6.722,2.576327801
26.142,6.72,2.579090357
26.142,6.72,2.580092669
26.142,6.72,2.581092119
26.116,6.697,2.581092119
26.116,6.693,2.583569288
26.141,6.722,2.586638451
26.167,6.718,2.591538429
26.167,6.714,2.592538118
26.116,6.707,2.597085714
26.117,6.697,2.60013938
26.167,6.68,2.603139877
26.167,6.666,2.606153488
26.167,6.678,2.609161854
26.167,6.656,2.612172365
26.167,6.66,2.615315914
26.192,6.678,2.618315697
26.192,6.676,2.620713472
26.191,6.683,2.623713493
26.192,6.687,2.626535177
26.217,6.703,2.628788948
26.217,6.697,2.631469011
26.216,6.68,2.634792089
26.292,6.656,2.636794329
26.291,6.641,2.639793396
26.291,6.689,2.642791748
26.291,6.695,2.643792868
26.316,6.707,2.649102926
26.291,6.676,2.652102947
26.291,6.685,2.653105021
26.316,6.703,2.656103134
26.317,6.72,2.659339666
25.846,6.699,2.662347794
25.85,6.672,2.663753033
25.876,6.689,2.66641736
25.827,6.689,2.669417381
25.877,6.71,2.672417402
25.877,6.71,2.673416138
26.392,6.699,2.676418304
26.392,6.693,2.679419518
26.392,6.71,2.682442427
26.392,6.707,2.683649063
26.442,6.701,2.68617034
26.417,6.716,2.689168215
26.417,6.712,2.690171003
26.468,6.697,2.693169594
26.468,6.712,2.69617033
26.493,6.714,2.697168827
26.493,6.716,2.700183153
26.493,6.699,2.703073025
26.493,6.699,2.70451951
26.468,6.718,2.707126141
26.493,6.72,2.708272219
26.493,6.726,2.708272219
26.493,6.73,2.710301638
26.468,6.689,2.713156462
26.468,6.685,2.716281176
26.468,6.685,2.717480898
26.467,6.703,2.720139027
26.467,6.71,2.721250772
26.467,6.697,2.724193573
26.492,6.726,2.727066517
26.492,6.734,2.730710268
26.517,6.697,2.733718157
26.543,6.687,2.736322403
26.543,6.703,2.739112377
26.542,6.714,2.741290569
26.542,6.714,2.742733479
26.542,6.736,2.745744705
26.517,6.714,2.748743296
26.517,6.707,2.749744892
26.541,6.716,2.752621651
26.542,6.703,2.755501509
26.541,6.699,2.757524252
26.567,6.759,2.760522127
26.592,6.759,2.761521816
26.591,6.753,2.763520479
26.591,6.759,2.765520811
26.642,6.749,2.768529892
26.642,6.747,2.77053237
26.642,6.749,2.772578001
26.616,6.759,2.775185823
26.616,6.759,2.776668549
26.617,6.741,2.779240847
26.642,6.728,2.781683683
26.642,6.726,2.783695221
26.642,6.718,2.786068201
26.641,6.718,2.787499428
26.616,6.683,2.790497541
26.641,6.683,2.791517019
26.642,6.71,2.794721365
26.667,6.728,2.797749519
26.717,6.714,2.799747944
26.717,6.714,2.80213809
26.692,6.71,2.80213809
26.666,6.718,2.803146362
26.716,6.724,2.806822777
26.665,6.718,2.808832884
26.665,6.703,2.81182909
26.665,6.722,2.815572977
26.742,6.749,2.819582462
26.742,6.749,2.821580648
26.793,6.726,2.826987267
26.818,6.757,2.828372717
26.818,6.728,2.831382036
26.792,6.693,2.834761858
26.792,6.703,2.837761879
26.817,6.72,2.840762138
26.817,6.72,2.842762232
26.817,6.712,2.84576273
26.842,6.728,2.846762419
26.842,6.73,2.84976387
26.842,6.722,2.852762461
26.842,6.712,2.854763031
26.867,6.747,2.856762648
26.867,6.722,2.859540462
26.866,6.668,2.86154747
26.867,6.697,2.864546537
26.867,6.697,2.865050077
26.867,6.714,2.868062019
26.918,6.724,2.869061708
26.943,6.739,2.872061968
26.943,6.739,2.873062372
26.918,6.741,2.876209259
26.867,6.72,2.87911725
26.867,6.707,2.880288124
26.866,6.687,2.883266449
26.892,6.701,2.886198282
26.892,6.716,2.88735652
26.892,6.726,2.889937401
26.918,6.724,2.890956163
26.892,6.716,2.894319057
26.892,6.736,2.896870613
26.891,6.736,2.898324251
26.892,6.699,2.900794506
26.892,6.701,2.902676105
26.892,6.726,2.905422688
26.892,6.741,2.906480074
26.891,6.749,2.908967018
26.891,6.71,2.912340879
26.891,6.716,2.913532734
26.916,6.724,2.916589022
26.916,6.745,2.916589022
26.915,6.732,2.922590733
26.915,6.739,2.925106049
26.915,6.755,2.92835331
26.991,6.755,2.933561563
